clock_tag,traffic_pattern,candidate,fifo_depth,max_burst,elapsed_ns,throughput_MBps,ar_count,average_burst_beats,full_length_bursts,fifo_limited_bursts,fifo_limited_beats,row_limited_bursts,boundary_limited_bursts,fifo_full_cycles,fifo_empty_cycles,maximum_occupancy,pass
MEM100_ACC100,steady,A,16,16,4560.0,245.6140350877193,28,10.0,0,23,121,4,1,0,176,6,True
MEM100_ACC100,steady,B,32,16,4160.0,269.2307692307692,20,14.0,15,0,0,4,1,0,136,6,True
MEM100_ACC100,steady,C,16,8,5010.0,223.55289421157684,37,7.5675675675675675,32,0,0,4,1,0,221,6,True
MEM100_ACC100,steady,D,32,8,5010.0,223.55289421157684,37,7.5675675675675675,32,0,0,4,1,0,221,6,True
MEM100_ACC100,pressure,A,16,16,4970.0,225.35211267605635,34,8.235294117647058,0,29,206,4,1,0,104,12,True
MEM100_ACC100,pressure,B,32,16,4180.0,267.9425837320574,20,14.0,15,0,0,4,1,0,50,16,True
MEM100_ACC100,pressure,C,16,8,5160.0,217.05426356589146,40,7.0,28,7,23,4,1,0,130,12,True
MEM100_ACC100,pressure,D,32,8,5060.0,221.34387351778656,37,7.5675675675675675,32,0,0,4,1,0,119,12,True
MEM100_ACC83,steady,A,16,16,4572.0,244.96937882764655,28,10.0,0,23,138,4,1,0,101,7,True
MEM100_ACC83,steady,B,32,16,4176.0,268.1992337164751,20,14.0,15,0,0,4,1,0,68,7,True
MEM100_ACC83,steady,C,16,8,5016.0,223.2854864433812,37,7.5675675675675675,32,0,0,4,1,0,138,7,True
MEM100_ACC83,steady,D,32,8,5016.0,223.2854864433812,37,7.5675675675675675,32,0,0,4,1,0,138,7,True
MEM100_ACC83,pressure,A,16,16,5172.0,216.5506573859242,40,7.0,0,35,280,4,1,0,58,14,True
MEM100_ACC83,pressure,B,32,16,4596.0,243.69016536118363,25,11.2,6,14,56,4,1,0,19,27,True
MEM100_ACC83,pressure,C,16,8,5424.0,206.4896755162242,43,6.511627906976744,26,13,38,3,1,0,75,15,True
MEM100_ACC83,pressure,D,32,8,5040.0,222.22222222222223,37,7.5675675675675675,32,0,0,4,1,0,47,14,True
MEM100_ACC33,steady,A,16,16,8640.0,129.62962962962962,102,2.7450980392156863,0,97,1172,4,1,0,8,14,True
MEM100_ACC33,steady,B,32,16,8640.0,129.62962962962962,93,3.010752688172043,1,87,1021,4,1,0,8,30,True
MEM100_ACC33,steady,C,16,8,8640.0,129.62962962962962,102,2.7450980392156863,1,96,492,4,1,0,8,14,True
MEM100_ACC33,steady,D,32,8,8640.0,129.62962962962962,93,3.010752688172043,6,82,417,4,1,0,8,30,True
MEM100_ACC33,pressure,A,16,16,11280.0,99.29078014184397,113,2.47787610619469,0,108,1322,4,1,219,8,16,True
MEM100_ACC33,pressure,B,32,16,11280.0,99.29078014184397,103,2.7184466019417477,1,97,1170,4,1,185,8,32,True
MEM100_ACC33,pressure,C,16,8,11280.0,99.29078014184397,114,2.456140350877193,1,108,582,4,1,213,8,16,True
MEM100_ACC33,pressure,D,32,8,11280.0,99.29078014184397,103,2.7184466019417477,5,93,492,4,1,185,8,32,True
