run_id,phase,kernel,M,Mp,K,N,total_cycles,compute_window_cycles,scheduled_mac,useful_mac,padding_efficiency_pct,array_util_compute_window_pct,array_util_transaction_pct,useful_capacity_transaction_pct,internal_weight_load_cycles,internal_feature_issue_cycles,full_pe_cycles_compute_window,partial_pe_cycles_compute_window,zero_pe_cycles_compute_window,feature_top_accept_beats,weight_top_accept_beats,output_accept_beats,phase_array_drain,phase_control_idle,phase_feature_feed,phase_input_load,phase_output_drain,phase_weight_load,stall_control_wait,stall_feature_feed_wait,stall_feature_input_backpressure,stall_feature_source_starvation,stall_output_backpressure,stall_weight_input_backpressure,stall_weight_load_wait,stall_weight_source_starvation
prefill_m4_qkv,prefill,qkv,4,8,64,192,10190,8249,98304,49152,50.0,18.620438841071646,15.073601570166831,7.5368007850834156,1536,1536,0,4224,4025,64,1536,192,0,1558,4984,1536,192,1920,1558,3448,0,0,0,0,384,0
prefill_m4_out,prefill,out,4,8,64,64,3406,2745,32768,16384,50.0,18.65209471766849,15.032295948326484,7.516147974163242,512,512,0,1408,1337,64,512,64,0,534,1656,512,64,640,534,1144,0,0,0,0,128,0
prefill_m4_fc,prefill,fc,4,8,64,256,13582,11001,131072,65536,50.0,18.61648941005363,15.078780739213665,7.539390369606832,2048,2048,0,5632,5369,64,2048,256,0,2070,6648,2048,256,2560,2070,4600,0,0,0,0,512,0
prefill_m4_proj,prefill,proj,4,8,256,64,13414,11217,131072,65536,50.0,18.258001248105554,15.26763083345758,7.63381541672879,2048,2048,0,5632,5585,256,2048,64,0,2118,6624,2048,64,2560,2118,4576,0,0,0,0,512,0
decode_m1_qkv,decode,qkv,1,8,64,192,10190,8249,98304,12288,12.5,18.620438841071646,15.073601570166831,1.8842001962708539,1536,1536,0,4224,4025,64,1536,192,0,1558,4984,1536,192,1920,1558,3448,0,0,0,0,384,0
decode_m1_out,decode,out,1,8,64,64,3406,2745,32768,4096,12.5,18.65209471766849,15.032295948326484,1.8790369935408104,512,512,0,1408,1337,64,512,64,0,534,1656,512,64,640,534,1144,0,0,0,0,128,0
decode_m1_fc,decode,fc,1,8,64,256,13582,11001,131072,16384,12.5,18.61648941005363,15.078780739213665,1.884847592401708,2048,2048,0,5632,5369,64,2048,256,0,2070,6648,2048,256,2560,2070,4600,0,0,0,0,512,0
decode_m1_proj,decode,proj,1,8,256,64,13414,11217,131072,16384,12.5,18.258001248105554,15.26763083345758,1.9084538541821976,2048,2048,0,5632,5585,256,2048,64,0,2118,6624,2048,64,2560,2118,4576,0,0,0,0,512,0
aligned_m8_qkv_ref,reference,qkv,8,8,64,192,10190,8249,98304,98304,100.0,18.620438841071646,15.073601570166831,15.073601570166831,1536,1536,0,4224,4025,64,1536,192,0,1558,4984,1536,192,1920,1558,3448,0,0,0,0,384,0
