run_id,phase,kernel,M,seed,baseline_cycles,candidate_cycles,cycle_reduction,speedup_x,baseline_compute_util_pct,candidate_compute_util_pct,compute_util_delta_pp,baseline_tx_util_pct,candidate_tx_util_pct,tx_util_delta_pp,baseline_weight_wait,candidate_weight_wait,baseline_feature_wait,candidate_feature_wait,baseline_control_wait,candidate_control_wait,candidate_internal_weight_load_cycles,candidate_feature_issue_cycles,stream_hold_checks
opt_prefill_m4_qkv,prefill,qkv,4,5101,10190,8534,1656,1.1940473400515585,18.620438841071646,23.29743667526164,4.676997834189994,15.073601570166831,17.998593859854697,2.924992289687866,384,1856,3448,320,1558,1558,1536,1536,0
opt_prefill_m4_out,prefill,out,4,5102,3406,2902,504,1.1736733287388008,18.65209471766849,22.84694332887104,4.1948486112025485,15.032295948326484,17.643004824259133,2.6107088759326498,128,576,1144,192,534,534,512,512,0
opt_prefill_m4_fc,prefill,fc,4,5103,13582,11350,2232,1.1966519823788546,18.61648941005363,23.355000570190445,4.738511160136813,15.078780739213665,18.044052863436125,2.9652721242224604,512,2496,4600,384,2070,2070,2048,2048,0
opt_prefill_m4_proj,prefill,proj,4,5104,13414,11398,2016,1.1768731356378312,18.258001248105554,22.25845016845995,4.000448920354398,15.26763083345758,17.968064572732057,2.7004337392744766,512,2304,4576,768,2118,2118,2048,2048,0
opt_decode_m1_qkv,decode,qkv,1,5201,10190,8534,1656,1.1940473400515585,18.620438841071646,23.29743667526164,4.676997834189994,15.073601570166831,17.998593859854697,2.924992289687866,384,1856,3448,320,1558,1558,1536,1536,0
opt_decode_m1_out,decode,out,1,5202,3406,2902,504,1.1736733287388008,18.65209471766849,22.84694332887104,4.1948486112025485,15.032295948326484,17.643004824259133,2.6107088759326498,128,576,1144,192,534,534,512,512,0
opt_decode_m1_fc,decode,fc,1,5203,13582,11350,2232,1.1966519823788546,18.61648941005363,23.355000570190445,4.738511160136813,15.078780739213665,18.044052863436125,2.9652721242224604,512,2496,4600,384,2070,2070,2048,2048,0
opt_decode_m1_proj,decode,proj,1,5204,13414,11398,2016,1.1768731356378312,18.258001248105554,22.25845016845995,4.000448920354398,15.26763083345758,17.968064572732057,2.7004337392744766,512,2304,4576,768,2118,2118,2048,2048,0
opt_aligned_m8_qkv,reference,qkv,8,5301,10190,8534,1656,1.1940473400515585,18.620438841071646,23.29743667526164,4.676997834189994,15.073601570166831,17.998593859854697,2.924992289687866,384,1856,3448,320,1558,1558,1536,1536,0
